"Name","From","To","Note","Type1_7_CpG","Type2_13_CpG","Type3_17","Type4_96","Type5_192"
"AAA>ACA","AAA","ACA","A>C","A>C","A>C","A>C","T[T>G]T","AAA>ACA"
"AAA>AGA","AAA","AGA","A>G","A>G","A>G","A>G","T[T>C]T","AAA>AGA"
"AAA>ATA","AAA","ATA","A>T","A>T","A>T","A>T","T[T>A]T","AAA>ATA"
"AAC>ACC","AAC","ACC","A>C","A>C","A>C","A>C","G[T>G]T","AAC>ACC"
"AAC>AGC","AAC","AGC","A>G","A>G","A>G","A>G","G[T>C]T","AAC>AGC"
"AAC>ATC","AAC","ATC","A>T","A>T","A>T","A>T","G[T>A]T","AAC>ATC"
"AAG>ACG","AAG","ACG","A>C","A>C","A>C","A>C","C[T>G]T","AAG>ACG"
"AAG>AGG","AAG","AGG","A>G","A>G","A>G","A>G","C[T>C]T","AAG>AGG"
"AAG>ATG","AAG","ATG","A>T","A>T","A>T","A>T","C[T>A]T","AAG>ATG"
"AAT>ACT","AAT","ACT","A>C","A>C","A>C","A>C","A[T>G]T","AAT>ACT"
"AAT>AGT","AAT","AGT","A>G","A>G","A>G","A>G","A[T>C]T","AAT>AGT"
"AAT>ATT","AAT","ATT","A>T","A>T","A>T","A>T","A[T>A]T","AAT>ATT"
"ACA>AAA","ACA","AAA","C>A","C>A","C>A","C>A","A[C>A]A","ACA>AAA"
"ACA>AGA","ACA","AGA","C>G","C>G","C>G","C>G","A[C>G]A","ACA>AGA"
"ACA>ATA","ACA","ATA","C>T","C>T","C>T","C>T","A[C>T]A","ACA>ATA"
"ACC>AAC","ACC","AAC","C>A","C>A","C>A","C>A","A[C>A]C","ACC>AAC"
"ACC>AGC","ACC","AGC","C>G","C>G","C>G","C>G","A[C>G]C","ACC>AGC"
"ACC>ATC","ACC","ATC","C>T","C>T","C>T","C>T","A[C>T]C","ACC>ATC"
"ACG>AAG","ACG","AAG","C>A","C>A","C>A","C>A","A[C>A]G","ACG>AAG"
"ACG>AGG","ACG","AGG","C>G","C>G","C>G","C>G","A[C>G]G","ACG>AGG"
"ACG>ATG","ACG","ATG","CpG>TpG","CpG","CpG","CpG","A[C>T]G","ACG>ATG"
"ACT>AAT","ACT","AAT","C>A","C>A","C>A","C>A","A[C>A]T","ACT>AAT"
"ACT>AGT","ACT","AGT","C>G","C>G","C>G","C>G","A[C>G]T","ACT>AGT"
"ACT>ATT","ACT","ATT","C>T","C>T","C>T","C>T","A[C>T]T","ACT>ATT"
"AGA>AAA","AGA","AAA","TpC>TpT","C>T","G>A","ABOPEC2","T[C>T]T","AGA>AAA"
"AGA>ACA","AGA","ACA","TpC>TpG","C>G","G>C","ABOPEC1","T[C>G]T","AGA>ACA"
"AGA>ATA","AGA","ATA","G>T","C>A","G>T","G>T","T[C>A]T","AGA>ATA"
"AGC>AAC","AGC","AAC","G>A","C>T","G>A","G>A","G[C>T]T","AGC>AAC"
"AGC>ACC","AGC","ACC","G>C","C>G","G>C","G>C","G[C>G]T","AGC>ACC"
"AGC>ATC","AGC","ATC","G>T","C>A","G>T","G>T","G[C>A]T","AGC>ATC"
"AGG>AAG","AGG","AAG","G>A","C>T","G>A","G>A","C[C>T]T","AGG>AAG"
"AGG>ACG","AGG","ACG","G>C","C>G","G>C","G>C","C[C>G]T","AGG>ACG"
"AGG>ATG","AGG","ATG","G>T","C>A","G>T","G>T","C[C>A]T","AGG>ATG"
"AGT>AAT","AGT","AAT","G>A","C>T","G>A","G>A","A[C>T]T","AGT>AAT"
"AGT>ACT","AGT","ACT","G>C","C>G","G>C","G>C","A[C>G]T","AGT>ACT"
"AGT>ATT","AGT","ATT","G>T","C>A","G>T","G>T","A[C>A]T","AGT>ATT"
"ATA>AAA","ATA","AAA","TpA>TpT","A>T","T>A","AML","A[T>A]A","ATA>AAA"
"ATA>ACA","ATA","ACA","T>C","A>G","T>C","T>C","A[T>C]A","ATA>ACA"
"ATA>AGA","ATA","AGA","T>G","A>C","T>G","T>G","A[T>G]A","ATA>AGA"
"ATC>AAC","ATC","AAC","T>A","A>T","T>A","T>A","A[T>A]C","ATC>AAC"
"ATC>ACC","ATC","ACC","T>C","A>G","T>C","T>C","A[T>C]C","ATC>ACC"
"ATC>AGC","ATC","AGC","T>G","A>C","T>G","T>G","A[T>G]C","ATC>AGC"
"ATG>AAG","ATG","AAG","T>A","A>T","T>A","T>A","A[T>A]G","ATG>AAG"
"ATG>ACG","ATG","ACG","T>C","A>G","T>C","T>C","A[T>C]G","ATG>ACG"
"ATG>AGG","ATG","AGG","T>G","A>C","T>G","T>G","A[T>G]G","ATG>AGG"
"ATT>AAT","ATT","AAT","T>A","A>T","T>A","T>A","A[T>A]T","ATT>AAT"
"ATT>ACT","ATT","ACT","T>C","A>G","T>C","T>C","A[T>C]T","ATT>ACT"
"ATT>AGT","ATT","AGT","T>G","A>C","T>G","T>G","A[T>G]T","ATT>AGT"
"CAA>CCA","CAA","CCA","A>C","A>C","A>C","A>C","T[T>G]G","CAA>CCA"
"CAA>CGA","CAA","CGA","A>G","A>G","A>G","A>G","T[T>C]G","CAA>CGA"
"CAA>CTA","CAA","CTA","A>T","A>T","A>T","A>T","T[T>A]G","CAA>CTA"
"CAC>CCC","CAC","CCC","A>C","A>C","A>C","A>C","G[T>G]G","CAC>CCC"
"CAC>CGC","CAC","CGC","A>G","A>G","A>G","A>G","G[T>C]G","CAC>CGC"
"CAC>CTC","CAC","CTC","A>T","A>T","A>T","A>T","G[T>A]G","CAC>CTC"
"CAG>CCG","CAG","CCG","A>C","A>C","A>C","A>C","C[T>G]G","CAG>CCG"
"CAG>CGG","CAG","CGG","A>G","A>G","A>G","A>G","C[T>C]G","CAG>CGG"
"CAG>CTG","CAG","CTG","A>T","A>T","A>T","A>T","C[T>A]G","CAG>CTG"
"CAT>CCT","CAT","CCT","A>C","A>C","A>C","A>C","A[T>G]G","CAT>CCT"
"CAT>CGT","CAT","CGT","A>G","A>G","A>G","A>G","A[T>C]G","CAT>CGT"
"CAT>CTT","CAT","CTT","A>T","A>T","A>T","A>T","A[T>A]G","CAT>CTT"
"CCA>CAA","CCA","CAA","C>A","C>A","C>A","C>A","C[C>A]A","CCA>CAA"
"CCA>CGA","CCA","CGA","C>G","C>G","C>G","C>G","C[C>G]A","CCA>CGA"
"CCA>CTA","CCA","CTA","C>T","C>T","C>T","C>T","C[C>T]A","CCA>CTA"
"CCC>CAC","CCC","CAC","C>A","C>A","C>A","C>A","C[C>A]C","CCC>CAC"
"CCC>CGC","CCC","CGC","C>G","C>G","C>G","C>G","C[C>G]C","CCC>CGC"
"CCC>CTC","CCC","CTC","C>T","C>T","C>T","C>T","C[C>T]C","CCC>CTC"
"CCG>CAG","CCG","CAG","C>A","C>A","C>A","C>A","C[C>A]G","CCG>CAG"
"CCG>CGG","CCG","CGG","C>G","C>G","C>G","C>G","C[C>G]G","CCG>CGG"
"CCG>CTG","CCG","CTG","CpG>TpG","CpG","CpG","CpG","C[C>T]G","CCG>CTG"
"CCT>CAT","CCT","CAT","C>A","C>A","C>A","C>A","C[C>A]T","CCT>CAT"
"CCT>CGT","CCT","CGT","C>G","C>G","C>G","C>G","C[C>G]T","CCT>CGT"
"CCT>CTT","CCT","CTT","C>T","C>T","C>T","C>T","C[C>T]T","CCT>CTT"
"CGA>CAA","CGA","CAA","TpCpG>TpTpG","CpG","CpG","Mixed","T[C>T]G","CGA>CAA"
"CGA>CCA","CGA","CCA","TpC>TpG","C>G","G>C","ABOPEC1","T[C>G]G","CGA>CCA"
"CGA>CTA","CGA","CTA","G>T","C>A","G>T","G>T","T[C>A]G","CGA>CTA"
"CGC>CAC","CGC","CAC","CpG>TpG","CpG","CpG","CpG","G[C>T]G","CGC>CAC"
"CGC>CCC","CGC","CCC","G>C","C>G","G>C","G>C","G[C>G]G","CGC>CCC"
"CGC>CTC","CGC","CTC","G>T","C>A","G>T","G>T","G[C>A]G","CGC>CTC"
"CGG>CAG","CGG","CAG","CpG>TpG","CpG","CpG","CpG","C[C>T]G","CGG>CAG"
"CGG>CCG","CGG","CCG","G>C","C>G","G>C","G>C","C[C>G]G","CGG>CCG"
"CGG>CTG","CGG","CTG","G>T","C>A","G>T","G>T","C[C>A]G","CGG>CTG"
"CGT>CAT","CGT","CAT","CpG>TpG","CpG","CpG","CpG","A[C>T]G","CGT>CAT"
"CGT>CCT","CGT","CCT","G>C","C>G","G>C","G>C","A[C>G]G","CGT>CCT"
"CGT>CTT","CGT","CTT","G>T","C>A","G>T","G>T","A[C>A]G","CGT>CTT"
"CTA>CAA","CTA","CAA","TpA>TpT","A>T","T>A","AML","C[T>A]A","CTA>CAA"
"CTA>CCA","CTA","CCA","T>C","A>G","T>C","T>C","C[T>C]A","CTA>CCA"
"CTA>CGA","CTA","CGA","T>G","A>C","T>G","T>G","C[T>G]A","CTA>CGA"
"CTC>CAC","CTC","CAC","T>A","A>T","T>A","T>A","C[T>A]C","CTC>CAC"
"CTC>CCC","CTC","CCC","T>C","A>G","T>C","T>C","C[T>C]C","CTC>CCC"
"CTC>CGC","CTC","CGC","T>G","A>C","T>G","T>G","C[T>G]C","CTC>CGC"
"CTG>CAG","CTG","CAG","T>A","A>T","T>A","T>A","C[T>A]G","CTG>CAG"
"CTG>CCG","CTG","CCG","T>C","A>G","T>C","T>C","C[T>C]G","CTG>CCG"
"CTG>CGG","CTG","CGG","T>G","A>C","T>G","T>G","C[T>G]G","CTG>CGG"
"CTT>CAT","CTT","CAT","T>A","A>T","T>A","T>A","C[T>A]T","CTT>CAT"
"CTT>CCT","CTT","CCT","T>C","A>G","T>C","T>C","C[T>C]T","CTT>CCT"
"CTT>CGT","CTT","CGT","T>G","A>C","T>G","T>G","C[T>G]T","CTT>CGT"
"GAA>GCA","GAA","GCA","A>C","A>C","A>C","A>C","T[T>G]C","GAA>GCA"
"GAA>GGA","GAA","GGA","A>G","A>G","A>G","A>G","T[T>C]C","GAA>GGA"
"GAA>GTA","GAA","GTA","A>T","A>T","A>T","A>T","T[T>A]C","GAA>GTA"
"GAC>GCC","GAC","GCC","A>C","A>C","A>C","A>C","G[T>G]C","GAC>GCC"
"GAC>GGC","GAC","GGC","A>G","A>G","A>G","A>G","G[T>C]C","GAC>GGC"
"GAC>GTC","GAC","GTC","A>T","A>T","A>T","A>T","G[T>A]C","GAC>GTC"
"GAG>GCG","GAG","GCG","A>C","A>C","A>C","A>C","C[T>G]C","GAG>GCG"
"GAG>GGG","GAG","GGG","A>G","A>G","A>G","A>G","C[T>C]C","GAG>GGG"
"GAG>GTG","GAG","GTG","A>T","A>T","A>T","A>T","C[T>A]C","GAG>GTG"
"GAT>GCT","GAT","GCT","A>C","A>C","A>C","A>C","A[T>G]C","GAT>GCT"
"GAT>GGT","GAT","GGT","A>G","A>G","A>G","A>G","A[T>C]C","GAT>GGT"
"GAT>GTT","GAT","GTT","A>T","A>T","A>T","A>T","A[T>A]C","GAT>GTT"
"GCA>GAA","GCA","GAA","C>A","C>A","C>A","C>A","G[C>A]A","GCA>GAA"
"GCA>GGA","GCA","GGA","C>G","C>G","C>G","C>G","G[C>G]A","GCA>GGA"
"GCA>GTA","GCA","GTA","C>T","C>T","C>T","C>T","G[C>T]A","GCA>GTA"
"GCC>GAC","GCC","GAC","C>A","C>A","C>A","C>A","G[C>A]C","GCC>GAC"
"GCC>GGC","GCC","GGC","C>G","C>G","C>G","C>G","G[C>G]C","GCC>GGC"
"GCC>GTC","GCC","GTC","C>T","C>T","C>T","C>T","G[C>T]C","GCC>GTC"
"GCG>GAG","GCG","GAG","C>A","C>A","C>A","C>A","G[C>A]G","GCG>GAG"
"GCG>GGG","GCG","GGG","C>G","C>G","C>G","C>G","G[C>G]G","GCG>GGG"
"GCG>GTG","GCG","GTG","CpG>TpG","CpG","CpG","CpG","G[C>T]G","GCG>GTG"
"GCT>GAT","GCT","GAT","C>A","C>A","C>A","C>A","G[C>A]T","GCT>GAT"
"GCT>GGT","GCT","GGT","C>G","C>G","C>G","C>G","G[C>G]T","GCT>GGT"
"GCT>GTT","GCT","GTT","C>T","C>T","C>T","C>T","G[C>T]T","GCT>GTT"
"GGA>GAA","GGA","GAA","TpC>TpT","C>T","G>A","ABOPEC2","T[C>T]C","GGA>GAA"
"GGA>GCA","GGA","GCA","TpC>TpG","C>G","G>C","ABOPEC1","T[C>G]C","GGA>GCA"
"GGA>GTA","GGA","GTA","G>T","C>A","G>T","G>T","T[C>A]C","GGA>GTA"
"GGC>GAC","GGC","GAC","G>A","C>T","G>A","G>A","G[C>T]C","GGC>GAC"
"GGC>GCC","GGC","GCC","G>C","C>G","G>C","G>C","G[C>G]C","GGC>GCC"
"GGC>GTC","GGC","GTC","G>T","C>A","G>T","G>T","G[C>A]C","GGC>GTC"
"GGG>GAG","GGG","GAG","G>A","C>T","G>A","G>A","C[C>T]C","GGG>GAG"
"GGG>GCG","GGG","GCG","G>C","C>G","G>C","G>C","C[C>G]C","GGG>GCG"
"GGG>GTG","GGG","GTG","G>T","C>A","G>T","G>T","C[C>A]C","GGG>GTG"
"GGT>GAT","GGT","GAT","G>A","C>T","G>A","G>A","A[C>T]C","GGT>GAT"
"GGT>GCT","GGT","GCT","G>C","C>G","G>C","G>C","A[C>G]C","GGT>GCT"
"GGT>GTT","GGT","GTT","G>T","C>A","G>T","G>T","A[C>A]C","GGT>GTT"
"GTA>GAA","GTA","GAA","TpA>TpT","A>T","T>A","AML","G[T>A]A","GTA>GAA"
"GTA>GCA","GTA","GCA","T>C","A>G","T>C","T>C","G[T>C]A","GTA>GCA"
"GTA>GGA","GTA","GGA","T>G","A>C","T>G","T>G","G[T>G]A","GTA>GGA"
"GTC>GAC","GTC","GAC","T>A","A>T","T>A","T>A","G[T>A]C","GTC>GAC"
"GTC>GCC","GTC","GCC","T>C","A>G","T>C","T>C","G[T>C]C","GTC>GCC"
"GTC>GGC","GTC","GGC","T>G","A>C","T>G","T>G","G[T>G]C","GTC>GGC"
"GTG>GAG","GTG","GAG","T>A","A>T","T>A","T>A","G[T>A]G","GTG>GAG"
"GTG>GCG","GTG","GCG","T>C","A>G","T>C","T>C","G[T>C]G","GTG>GCG"
"GTG>GGG","GTG","GGG","T>G","A>C","T>G","T>G","G[T>G]G","GTG>GGG"
"GTT>GAT","GTT","GAT","T>A","A>T","T>A","T>A","G[T>A]T","GTT>GAT"
"GTT>GCT","GTT","GCT","T>C","A>G","T>C","T>C","G[T>C]T","GTT>GCT"
"GTT>GGT","GTT","GGT","T>G","A>C","T>G","T>G","G[T>G]T","GTT>GGT"
"TAA>TCA","TAA","TCA","A>C","A>C","A>C","A>C","T[T>G]A","TAA>TCA"
"TAA>TGA","TAA","TGA","A>G","A>G","A>G","A>G","T[T>C]A","TAA>TGA"
"TAA>TTA","TAA","TTA","TpA>TpT","A>T","A>T","AML","T[T>A]A","TAA>TTA"
"TAC>TCC","TAC","TCC","A>C","A>C","A>C","A>C","G[T>G]A","TAC>TCC"
"TAC>TGC","TAC","TGC","A>G","A>G","A>G","A>G","G[T>C]A","TAC>TGC"
"TAC>TTC","TAC","TTC","TpA>TpT","A>T","A>T","AML","G[T>A]A","TAC>TTC"
"TAG>TCG","TAG","TCG","A>C","A>C","A>C","A>C","C[T>G]A","TAG>TCG"
"TAG>TGG","TAG","TGG","A>G","A>G","A>G","A>G","C[T>C]A","TAG>TGG"
"TAG>TTG","TAG","TTG","TpA>TpT","A>T","A>T","AML","C[T>A]A","TAG>TTG"
"TAT>TCT","TAT","TCT","A>C","A>C","A>C","A>C","A[T>G]A","TAT>TCT"
"TAT>TGT","TAT","TGT","A>G","A>G","A>G","A>G","A[T>C]A","TAT>TGT"
"TAT>TTT","TAT","TTT","TpA>TpT","A>T","A>T","AML","A[T>A]A","TAT>TTT"
"TCA>TAA","TCA","TAA","C>A","C>A","C>A","C>A","T[C>A]A","TCA>TAA"
"TCA>TGA","TCA","TGA","TpC>TpG","C>G","C>G","ABOPEC1","T[C>G]A","TCA>TGA"
"TCA>TTA","TCA","TTA","TpC>TpT","C>T","C>T","ABOPEC2","T[C>T]A","TCA>TTA"
"TCC>TAC","TCC","TAC","C>A","C>A","C>A","C>A","T[C>A]C","TCC>TAC"
"TCC>TGC","TCC","TGC","TpC>TpG","C>G","C>G","ABOPEC1","T[C>G]C","TCC>TGC"
"TCC>TTC","TCC","TTC","TpC>TpT","C>T","C>T","ABOPEC2","T[C>T]C","TCC>TTC"
"TCG>TAG","TCG","TAG","C>A","C>A","C>A","C>A","T[C>A]G","TCG>TAG"
"TCG>TGG","TCG","TGG","TpC>TpG","C>G","C>G","ABOPEC1","T[C>G]G","TCG>TGG"
"TCG>TTG","TCG","TTG","TpCpG>TpTpG","CpG","CpG","Mixed","T[C>T]G","TCG>TTG"
"TCT>TAT","TCT","TAT","C>A","C>A","C>A","C>A","T[C>A]T","TCT>TAT"
"TCT>TGT","TCT","TGT","TpC>TpG","C>G","C>G","ABOPEC1","T[C>G]T","TCT>TGT"
"TCT>TTT","TCT","TTT","TpC>TpT","C>T","C>T","ABOPEC2","T[C>T]T","TCT>TTT"
"TGA>TAA","TGA","TAA","TpC>TpT","C>T","G>A","ABOPEC2","T[C>T]A","TGA>TAA"
"TGA>TCA","TGA","TCA","TpC>TpG","C>G","G>C","ABOPEC1","T[C>G]A","TGA>TCA"
"TGA>TTA","TGA","TTA","G>T","C>A","G>T","G>T","T[C>A]A","TGA>TTA"
"TGC>TAC","TGC","TAC","G>A","C>T","G>A","G>A","G[C>T]A","TGC>TAC"
"TGC>TCC","TGC","TCC","G>C","C>G","G>C","G>C","G[C>G]A","TGC>TCC"
"TGC>TTC","TGC","TTC","G>T","C>A","G>T","G>T","G[C>A]A","TGC>TTC"
"TGG>TAG","TGG","TAG","G>A","C>T","G>A","G>A","C[C>T]A","TGG>TAG"
"TGG>TCG","TGG","TCG","G>C","C>G","G>C","G>C","C[C>G]A","TGG>TCG"
"TGG>TTG","TGG","TTG","G>T","C>A","G>T","G>T","C[C>A]A","TGG>TTG"
"TGT>TAT","TGT","TAT","G>A","C>T","G>A","G>A","A[C>T]A","TGT>TAT"
"TGT>TCT","TGT","TCT","G>C","C>G","G>C","G>C","A[C>G]A","TGT>TCT"
"TGT>TTT","TGT","TTT","G>T","C>A","G>T","G>T","A[C>A]A","TGT>TTT"
"TTA>TAA","TTA","TAA","TpA>TpT","A>T","T>A","AML","T[T>A]A","TTA>TAA"
"TTA>TCA","TTA","TCA","T>C","A>G","T>C","T>C","T[T>C]A","TTA>TCA"
"TTA>TGA","TTA","TGA","T>G","A>C","T>G","T>G","T[T>G]A","TTA>TGA"
"TTC>TAC","TTC","TAC","T>A","A>T","T>A","T>A","T[T>A]C","TTC>TAC"
"TTC>TCC","TTC","TCC","T>C","A>G","T>C","T>C","T[T>C]C","TTC>TCC"
"TTC>TGC","TTC","TGC","T>G","A>C","T>G","T>G","T[T>G]C","TTC>TGC"
"TTG>TAG","TTG","TAG","T>A","A>T","T>A","T>A","T[T>A]G","TTG>TAG"
"TTG>TCG","TTG","TCG","T>C","A>G","T>C","T>C","T[T>C]G","TTG>TCG"
"TTG>TGG","TTG","TGG","T>G","A>C","T>G","T>G","T[T>G]G","TTG>TGG"
"TTT>TAT","TTT","TAT","T>A","A>T","T>A","T>A","T[T>A]T","TTT>TAT"
"TTT>TCT","TTT","TCT","T>C","A>G","T>C","T>C","T[T>C]T","TTT>TCT"
"TTT>TGT","TTT","TGT","T>G","A>C","T>G","T>G","T[T>G]T","TTT>TGT"
